title,description,genre
夜の書庫,都市の片隅で記憶が交差する。,ミステリー
霧の魔導書,言葉の迷路に隠された鍵。,ミステリー
量子回路入門,言葉の迷路に隠された鍵。,ファンタジー
機械学習基礎,言葉の迷路に隠された鍵。,SF
雲の図書館,数式の海を越えて真相へ。,文学
量子回路入門,都市の片隅で記憶が交差する。,歴史
雲の図書館,静かな図書館で世界がひらく。,文学
夜の書庫,小さな手が大きな謎を解く。,文学
雲の図書館,静かな図書館で世界がひらく。,ミステリー
機械学習基礎,静かな図書館で世界がひらく。,ファンタジー
月下の推理,静かな図書館で世界がひらく。,SF
星読みの庭,静かな図書館で世界がひらく。,ミステリー
機械学習基礎,言葉の迷路に隠された鍵。,ミステリー
砂漠の古書店,数式の海を越えて真相へ。,文学
量子回路入門,言葉の迷路に隠された鍵。,ファンタジー
量子回路入門,都市の片隅で記憶が交差する。,歴史
星読みの庭,言葉の迷路に隠された鍵。,コンピュータ・IT
星読みの庭,静かな図書館で世界がひらく。,ミステリー
雲の図書館,数式の海を越えて真相へ。,SF
夜の書庫,静かな図書館で世界がひらく。,ファンタジー
砂漠の古書店,小さな手が大きな謎を解く。,文学
月下の推理,小さな手が大きな謎を解く。,歴史
機械学習基礎,言葉の迷路に隠された鍵。,文学
月下の推理,静かな図書館で世界がひらく。,SF
月下の推理,都市の片隅で記憶が交差する。,コンピュータ・IT
データ構造とアルゴリズム,数式の海を越えて真相へ。,歴史
蒼穹の記憶,言葉の迷路に隠された鍵。,歴史
機械学習基礎,都市の片隅で記憶が交差する。,ミステリー
データ構造とアルゴリズム,言葉の迷路に隠された鍵。,SF
データ構造とアルゴリズム,静かな図書館で世界がひらく。,文学
機械学習基礎,静かな図書館で世界がひらく。,コンピュータ・IT
雲の図書館,ある日、不思議な一冊が見つかる。,文学
砂漠の古書店,小さな手が大きな謎を解く。,文学
量子回路入門,小さな手が大きな謎を解く。,コンピュータ・IT
機械学習基礎,静かな図書館で世界がひらく。,ミステリー
蒼穹の記憶,都市の片隅で記憶が交差する。,歴史
霧の魔導書,ある日、不思議な一冊が見つかる。,コンピュータ・IT
星読みの庭,ある日、不思議な一冊が見つかる。,ファンタジー
星読みの庭,言葉の迷路に隠された鍵。,ファンタジー
霧の魔導書,都市の片隅で記憶が交差する。,ファンタジー
夜の書庫,小さな手が大きな謎を解く。,コンピュータ・IT
機械学習基礎,数式の海を越えて真相へ。,ファンタジー
データ構造とアルゴリズム,ある日、不思議な一冊が見つかる。,ミステリー
霧の魔導書,言葉の迷路に隠された鍵。,SF
機械学習基礎,都市の片隅で記憶が交差する。,歴史
砂漠の古書店,静かな図書館で世界がひらく。,コンピュータ・IT
データ構造とアルゴリズム,ある日、不思議な一冊が見つかる。,文学
データ構造とアルゴリズム,静かな図書館で世界がひらく。,ファンタジー
蒼穹の記憶,静かな図書館で世界がひらく。,コンピュータ・IT
星読みの庭,言葉の迷路に隠された鍵。,コンピュータ・IT
霧の魔導書,小さな手が大きな謎を解く。,コンピュータ・IT
星読みの庭,都市の片隅で記憶が交差する。,SF
データ構造とアルゴリズム,都市の片隅で記憶が交差する。,文学
星読みの庭,都市の片隅で記憶が交差する。,文学
機械学習基礎,数式の海を越えて真相へ。,SF
機械学習基礎,小さな手が大きな謎を解く。,ミステリー
量子回路入門,都市の片隅で記憶が交差する。,歴史
霧の魔導書,静かな図書館で世界がひらく。,歴史
データ構造とアルゴリズム,都市の片隅で記憶が交差する。,コンピュータ・IT
量子回路入門,ある日、不思議な一冊が見つかる。,ファンタジー
霧の魔導書,数式の海を越えて真相へ。,歴史
蒼穹の記憶,ある日、不思議な一冊が見つかる。,文学
蒼穹の記憶,言葉の迷路に隠された鍵。,ミステリー
夜の書庫,数式の海を越えて真相へ。,歴史
星読みの庭,小さな手が大きな謎を解く。,文学
量子回路入門,都市の片隅で記憶が交差する。,ミステリー
データ構造とアルゴリズム,静かな図書館で世界がひらく。,文学
データ構造とアルゴリズム,小さな手が大きな謎を解く。,歴史
機械学習基礎,都市の片隅で記憶が交差する。,コンピュータ・IT
砂漠の古書店,言葉の迷路に隠された鍵。,文学
蒼穹の記憶,静かな図書館で世界がひらく。,コンピュータ・IT
砂漠の古書店,都市の片隅で記憶が交差する。,文学
霧の魔導書,ある日、不思議な一冊が見つかる。,文学
砂漠の古書店,静かな図書館で世界がひらく。,SF
機械学習基礎,都市の片隅で記憶が交差する。,文学
月下の推理,都市の片隅で記憶が交差する。,文学
機械学習基礎,ある日、不思議な一冊が見つかる。,コンピュータ・IT
霧の魔導書,数式の海を越えて真相へ。,コンピュータ・IT
データ構造とアルゴリズム,数式の海を越えて真相へ。,文学
星読みの庭,数式の海を越えて真相へ。,SF
霧の魔導書,静かな図書館で世界がひらく。,歴史
砂漠の古書店,ある日、不思議な一冊が見つかる。,SF
蒼穹の記憶,ある日、不思議な一冊が見つかる。,SF
蒼穹の記憶,言葉の迷路に隠された鍵。,歴史
機械学習基礎,静かな図書館で世界がひらく。,ファンタジー
夜の書庫,都市の片隅で記憶が交差する。,コンピュータ・IT
夜の書庫,小さな手が大きな謎を解く。,SF
データ構造とアルゴリズム,数式の海を越えて真相へ。,コンピュータ・IT
量子回路入門,小さな手が大きな謎を解く。,ファンタジー
霧の魔導書,都市の片隅で記憶が交差する。,歴史
データ構造とアルゴリズム,数式の海を越えて真相へ。,ファンタジー
砂漠の古書店,ある日、不思議な一冊が見つかる。,ミステリー
蒼穹の記憶,言葉の迷路に隠された鍵。,SF
霧の魔導書,数式の海を越えて真相へ。,文学
霧の魔導書,都市の片隅で記憶が交差する。,ミステリー
星読みの庭,ある日、不思議な一冊が見つかる。,コンピュータ・IT
砂漠の古書店,言葉の迷路に隠された鍵。,歴史
月下の推理,静かな図書館で世界がひらく。,歴史
月下の推理,静かな図書館で世界がひらく。,文学
夜の書庫,数式の海を越えて真相へ。,ミステリー
砂漠の古書店,都市の片隅で記憶が交差する。,SF
霧の魔導書,静かな図書館で世界がひらく。,ファンタジー
量子回路入門,数式の海を越えて真相へ。,コンピュータ・IT
機械学習基礎,ある日、不思議な一冊が見つかる。,文学
機械学習基礎,数式の海を越えて真相へ。,ファンタジー
雲の図書館,数式の海を越えて真相へ。,歴史
霧の魔導書,数式の海を越えて真相へ。,ファンタジー
蒼穹の記憶,都市の片隅で記憶が交差する。,SF
星読みの庭,言葉の迷路に隠された鍵。,コンピュータ・IT
量子回路入門,数式の海を越えて真相へ。,SF
砂漠の古書店,都市の片隅で記憶が交差する。,文学
月下の推理,都市の片隅で記憶が交差する。,ミステリー
月下の推理,都市の片隅で記憶が交差する。,コンピュータ・IT
砂漠の古書店,ある日、不思議な一冊が見つかる。,ミステリー
霧の魔導書,数式の海を越えて真相へ。,文学
砂漠の古書店,小さな手が大きな謎を解く。,コンピュータ・IT
夜の書庫,言葉の迷路に隠された鍵。,文学
機械学習基礎,数式の海を越えて真相へ。,ファンタジー
霧の魔導書,静かな図書館で世界がひらく。,ミステリー
砂漠の古書店,ある日、不思議な一冊が見つかる。,ミステリー
量子回路入門,数式の海を越えて真相へ。,コンピュータ・IT
夜の書庫,都市の片隅で記憶が交差する。,ファンタジー
機械学習基礎,静かな図書館で世界がひらく。,コンピュータ・IT
機械学習基礎,小さな手が大きな謎を解く。,文学
霧の魔導書,言葉の迷路に隠された鍵。,文学
機械学習基礎,静かな図書館で世界がひらく。,コンピュータ・IT
月下の推理,言葉の迷路に隠された鍵。,コンピュータ・IT
データ構造とアルゴリズム,都市の片隅で記憶が交差する。,文学
月下の推理,ある日、不思議な一冊が見つかる。,歴史
霧の魔導書,言葉の迷路に隠された鍵。,ファンタジー
データ構造とアルゴリズム,小さな手が大きな謎を解く。,コンピュータ・IT
砂漠の古書店,静かな図書館で世界がひらく。,SF
量子回路入門,ある日、不思議な一冊が見つかる。,歴史
夜の書庫,小さな手が大きな謎を解く。,コンピュータ・IT
データ構造とアルゴリズム,小さな手が大きな謎を解く。,文学
月下の推理,数式の海を越えて真相へ。,ミステリー
霧の魔導書,数式の海を越えて真相へ。,歴史
霧の魔導書,数式の海を越えて真相へ。,歴史
量子回路入門,都市の片隅で記憶が交差する。,ミステリー
砂漠の古書店,数式の海を越えて真相へ。,ミステリー
雲の図書館,都市の片隅で記憶が交差する。,歴史
夜の書庫,数式の海を越えて真相へ。,歴史
砂漠の古書店,小さな手が大きな謎を解く。,ファンタジー
機械学習基礎,ある日、不思議な一冊が見つかる。,SF
月下の推理,都市の片隅で記憶が交差する。,文学
砂漠の古書店,言葉の迷路に隠された鍵。,文学
砂漠の古書店,都市の片隅で記憶が交差する。,歴史
砂漠の古書店,数式の海を越えて真相へ。,コンピュータ・IT
機械学習基礎,数式の海を越えて真相へ。,SF
夜の書庫,小さな手が大きな謎を解く。,歴史
量子回路入門,都市の片隅で記憶が交差する。,ファンタジー
蒼穹の記憶,ある日、不思議な一冊が見つかる。,SF
量子回路入門,小さな手が大きな謎を解く。,歴史
雲の図書館,都市の片隅で記憶が交差する。,ファンタジー
砂漠の古書店,ある日、不思議な一冊が見つかる。,SF
夜の書庫,言葉の迷路に隠された鍵。,コンピュータ・IT
星読みの庭,ある日、不思議な一冊が見つかる。,文学
機械学習基礎,数式の海を越えて真相へ。,コンピュータ・IT
月下の推理,静かな図書館で世界がひらく。,歴史
砂漠の古書店,静かな図書館で世界がひらく。,コンピュータ・IT
霧の魔導書,数式の海を越えて真相へ。,文学
量子回路入門,小さな手が大きな謎を解く。,ファンタジー
雲の図書館,都市の片隅で記憶が交差する。,ミステリー
夜の書庫,言葉の迷路に隠された鍵。,ファンタジー
量子回路入門,言葉の迷路に隠された鍵。,ミステリー
砂漠の古書店,静かな図書館で世界がひらく。,コンピュータ・IT
機械学習基礎,静かな図書館で世界がひらく。,コンピュータ・IT
雲の図書館,数式の海を越えて真相へ。,SF
蒼穹の記憶,数式の海を越えて真相へ。,SF
霧の魔導書,静かな図書館で世界がひらく。,ミステリー
データ構造とアルゴリズム,静かな図書館で世界がひらく。,文学
夜の書庫,ある日、不思議な一冊が見つかる。,文学
蒼穹の記憶,静かな図書館で世界がひらく。,歴史
機械学習基礎,ある日、不思議な一冊が見つかる。,SF
雲の図書館,数式の海を越えて真相へ。,ファンタジー
雲の図書館,都市の片隅で記憶が交差する。,歴史
機械学習基礎,都市の片隅で記憶が交差する。,コンピュータ・IT
データ構造とアルゴリズム,言葉の迷路に隠された鍵。,ミステリー
量子回路入門,ある日、不思議な一冊が見つかる。,ミステリー
霧の魔導書,静かな図書館で世界がひらく。,ファンタジー
星読みの庭,数式の海を越えて真相へ。,ファンタジー
夜の書庫,静かな図書館で世界がひらく。,歴史
雲の図書館,言葉の迷路に隠された鍵。,歴史
雲の図書館,ある日、不思議な一冊が見つかる。,ミステリー
蒼穹の記憶,小さな手が大きな謎を解く。,文学
量子回路入門,数式の海を越えて真相へ。,SF
夜の書庫,ある日、不思議な一冊が見つかる。,コンピュータ・IT
機械学習基礎,数式の海を越えて真相へ。,文学
量子回路入門,都市の片隅で記憶が交差する。,ファンタジー
星読みの庭,ある日、不思議な一冊が見つかる。,ファンタジー
星読みの庭,言葉の迷路に隠された鍵。,文学
雲の図書館,静かな図書館で世界がひらく。,ファンタジー
量子回路入門,都市の片隅で記憶が交差する。,ファンタジー
量子回路入門,ある日、不思議な一冊が見つかる。,ミステリー
量子回路入門,言葉の迷路に隠された鍵。,ミステリー
砂漠の古書店,言葉の迷路に隠された鍵。,SF
霧の魔導書,都市の片隅で記憶が交差する。,歴史
機械学習基礎,言葉の迷路に隠された鍵。,SF
夜の書庫,都市の片隅で記憶が交差する。,歴史
霧の魔導書,言葉の迷路に隠された鍵。,文学
蒼穹の記憶,小さな手が大きな謎を解く。,コンピュータ・IT
砂漠の古書店,小さな手が大きな謎を解く。,文学
月下の推理,小さな手が大きな謎を解く。,ファンタジー
量子回路入門,静かな図書館で世界がひらく。,歴史
雲の図書館,数式の海を越えて真相へ。,コンピュータ・IT
データ構造とアルゴリズム,都市の片隅で記憶が交差する。,コンピュータ・IT
霧の魔導書,ある日、不思議な一冊が見つかる。,コンピュータ・IT
星読みの庭,都市の片隅で記憶が交差する。,ファンタジー
夜の書庫,静かな図書館で世界がひらく。,文学
データ構造とアルゴリズム,ある日、不思議な一冊が見つかる。,コンピュータ・IT
データ構造とアルゴリズム,小さな手が大きな謎を解く。,ミステリー
量子回路入門,静かな図書館で世界がひらく。,文学
蒼穹の記憶,ある日、不思議な一冊が見つかる。,コンピュータ・IT
データ構造とアルゴリズム,静かな図書館で世界がひらく。,ファンタジー
星読みの庭,都市の片隅で記憶が交差する。,歴史
星読みの庭,言葉の迷路に隠された鍵。,歴史
機械学習基礎,ある日、不思議な一冊が見つかる。,ミステリー
夜の書庫,ある日、不思議な一冊が見つかる。,歴史
砂漠の古書店,都市の片隅で記憶が交差する。,コンピュータ・IT
蒼穹の記憶,都市の片隅で記憶が交差する。,歴史
雲の図書館,数式の海を越えて真相へ。,SF
砂漠の古書店,言葉の迷路に隠された鍵。,歴史
星読みの庭,ある日、不思議な一冊が見つかる。,歴史
量子回路入門,数式の海を越えて真相へ。,歴史
霧の魔導書,小さな手が大きな謎を解く。,ファンタジー
量子回路入門,ある日、不思議な一冊が見つかる。,文学
夜の書庫,数式の海を越えて真相へ。,コンピュータ・IT
月下の推理,小さな手が大きな謎を解く。,ファンタジー
蒼穹の記憶,小さな手が大きな謎を解く。,歴史
量子回路入門,数式の海を越えて真相へ。,コンピュータ・IT
月下の推理,数式の海を越えて真相へ。,ミステリー
月下の推理,都市の片隅で記憶が交差する。,文学
夜の書庫,都市の片隅で記憶が交差する。,ミステリー
星読みの庭,ある日、不思議な一冊が見つかる。,ミステリー
機械学習基礎,静かな図書館で世界がひらく。,ファンタジー
夜の書庫,数式の海を越えて真相へ。,SF
月下の推理,小さな手が大きな謎を解く。,SF
機械学習基礎,小さな手が大きな謎を解く。,ミステリー
砂漠の古書店,都市の片隅で記憶が交差する。,歴史
砂漠の古書店,数式の海を越えて真相へ。,コンピュータ・IT
量子回路入門,都市の片隅で記憶が交差する。,文学
霧の魔導書,言葉の迷路に隠された鍵。,コンピュータ・IT
砂漠の古書店,静かな図書館で世界がひらく。,ミステリー
夜の書庫,数式の海を越えて真相へ。,SF
夜の書庫,小さな手が大きな謎を解く。,文学
月下の推理,都市の片隅で記憶が交差する。,文学
雲の図書館,言葉の迷路に隠された鍵。,文学
砂漠の古書店,言葉の迷路に隠された鍵。,コンピュータ・IT
蒼穹の記憶,小さな手が大きな謎を解く。,SF
月下の推理,静かな図書館で世界がひらく。,コンピュータ・IT
量子回路入門,静かな図書館で世界がひらく。,SF
星読みの庭,都市の片隅で記憶が交差する。,コンピュータ・IT
星読みの庭,都市の片隅で記憶が交差する。,コンピュータ・IT
霧の魔導書,小さな手が大きな謎を解く。,コンピュータ・IT
蒼穹の記憶,都市の片隅で記憶が交差する。,ミステリー
量子回路入門,言葉の迷路に隠された鍵。,歴史
星読みの庭,都市の片隅で記憶が交差する。,文学
蒼穹の記憶,小さな手が大きな謎を解く。,歴史
雲の図書館,言葉の迷路に隠された鍵。,歴史
夜の書庫,小さな手が大きな謎を解く。,ミステリー
量子回路入門,数式の海を越えて真相へ。,コンピュータ・IT
蒼穹の記憶,静かな図書館で世界がひらく。,文学
夜の書庫,言葉の迷路に隠された鍵。,文学
夜の書庫,静かな図書館で世界がひらく。,SF
データ構造とアルゴリズム,数式の海を越えて真相へ。,文学
星読みの庭,小さな手が大きな謎を解く。,SF
星読みの庭,数式の海を越えて真相へ。,ミステリー
蒼穹の記憶,都市の片隅で記憶が交差する。,文学
星読みの庭,都市の片隅で記憶が交差する。,ミステリー
機械学習基礎,静かな図書館で世界がひらく。,ミステリー
量子回路入門,小さな手が大きな謎を解く。,ファンタジー
砂漠の古書店,静かな図書館で世界がひらく。,ミステリー
データ構造とアルゴリズム,静かな図書館で世界がひらく。,歴史
月下の推理,静かな図書館で世界がひらく。,歴史
蒼穹の記憶,言葉の迷路に隠された鍵。,SF
砂漠の古書店,都市の片隅で記憶が交差する。,文学
霧の魔導書,都市の片隅で記憶が交差する。,文学
量子回路入門,都市の片隅で記憶が交差する。,文学
砂漠の古書店,数式の海を越えて真相へ。,歴史
霧の魔導書,静かな図書館で世界がひらく。,SF
星読みの庭,ある日、不思議な一冊が見つかる。,SF
蒼穹の記憶,言葉の迷路に隠された鍵。,文学
データ構造とアルゴリズム,言葉の迷路に隠された鍵。,歴史
夜の書庫,ある日、不思議な一冊が見つかる。,ファンタジー
霧の魔導書,小さな手が大きな謎を解く。,SF
霧の魔導書,静かな図書館で世界がひらく。,ファンタジー
蒼穹の記憶,静かな図書館で世界がひらく。,コンピュータ・IT
砂漠の古書店,都市の片隅で記憶が交差する。,文学
量子回路入門,小さな手が大きな謎を解く。,ファンタジー
夜の書庫,静かな図書館で世界がひらく。,SF
蒼穹の記憶,数式の海を越えて真相へ。,文学
蒼穹の記憶,数式の海を越えて真相へ。,SF
雲の図書館,静かな図書館で世界がひらく。,ファンタジー
夜の書庫,小さな手が大きな謎を解く。,歴史
砂漠の古書店,静かな図書館で世界がひらく。,文学
蒼穹の記憶,数式の海を越えて真相へ。,コンピュータ・IT
月下の推理,言葉の迷路に隠された鍵。,ミステリー
データ構造とアルゴリズム,静かな図書館で世界がひらく。,歴史
量子回路入門,都市の片隅で記憶が交差する。,歴史
星読みの庭,都市の片隅で記憶が交差する。,文学
砂漠の古書店,数式の海を越えて真相へ。,コンピュータ・IT
機械学習基礎,小さな手が大きな謎を解く。,SF
蒼穹の記憶,都市の片隅で記憶が交差する。,歴史
データ構造とアルゴリズム,都市の片隅で記憶が交差する。,ファンタジー
データ構造とアルゴリズム,都市の片隅で記憶が交差する。,歴史
データ構造とアルゴリズム,静かな図書館で世界がひらく。,SF
雲の図書館,言葉の迷路に隠された鍵。,SF
雲の図書館,小さな手が大きな謎を解く。,ファンタジー
月下の推理,言葉の迷路に隠された鍵。,ミステリー
蒼穹の記憶,言葉の迷路に隠された鍵。,歴史
砂漠の古書店,小さな手が大きな謎を解く。,ミステリー
夜の書庫,言葉の迷路に隠された鍵。,ファンタジー
データ構造とアルゴリズム,小さな手が大きな謎を解く。,文学
雲の図書館,都市の片隅で記憶が交差する。,コンピュータ・IT
霧の魔導書,静かな図書館で世界がひらく。,ミステリー
データ構造とアルゴリズム,小さな手が大きな謎を解く。,コンピュータ・IT
星読みの庭,言葉の迷路に隠された鍵。,歴史
量子回路入門,静かな図書館で世界がひらく。,歴史
霧の魔導書,言葉の迷路に隠された鍵。,ファンタジー
月下の推理,数式の海を越えて真相へ。,SF
星読みの庭,静かな図書館で世界がひらく。,コンピュータ・IT
星読みの庭,数式の海を越えて真相へ。,ミステリー
月下の推理,静かな図書館で世界がひらく。,文学
星読みの庭,静かな図書館で世界がひらく。,ミステリー
夜の書庫,静かな図書館で世界がひらく。,歴史
機械学習基礎,数式の海を越えて真相へ。,コンピュータ・IT
星読みの庭,ある日、不思議な一冊が見つかる。,ミステリー
機械学習基礎,ある日、不思議な一冊が見つかる。,SF
データ構造とアルゴリズム,静かな図書館で世界がひらく。,歴史
機械学習基礎,静かな図書館で世界がひらく。,ミステリー
霧の魔導書,静かな図書館で世界がひらく。,文学
蒼穹の記憶,静かな図書館で世界がひらく。,ファンタジー
データ構造とアルゴリズム,言葉の迷路に隠された鍵。,歴史
データ構造とアルゴリズム,ある日、不思議な一冊が見つかる。,文学
データ構造とアルゴリズム,数式の海を越えて真相へ。,ミステリー
量子回路入門,数式の海を越えて真相へ。,ミステリー
データ構造とアルゴリズム,都市の片隅で記憶が交差する。,コンピュータ・IT
量子回路入門,都市の片隅で記憶が交差する。,ファンタジー
夜の書庫,言葉の迷路に隠された鍵。,歴史
砂漠の古書店,都市の片隅で記憶が交差する。,ミステリー
雲の図書館,小さな手が大きな謎を解く。,歴史
砂漠の古書店,言葉の迷路に隠された鍵。,文学
霧の魔導書,静かな図書館で世界がひらく。,SF
月下の推理,言葉の迷路に隠された鍵。,コンピュータ・IT
月下の推理,数式の海を越えて真相へ。,ミステリー
霧の魔導書,都市の片隅で記憶が交差する。,コンピュータ・IT
データ構造とアルゴリズム,ある日、不思議な一冊が見つかる。,ファンタジー
霧の魔導書,小さな手が大きな謎を解く。,コンピュータ・IT
砂漠の古書店,静かな図書館で世界がひらく。,ファンタジー
夜の書庫,数式の海を越えて真相へ。,文学
機械学習基礎,言葉の迷路に隠された鍵。,ファンタジー
砂漠の古書店,ある日、不思議な一冊が見つかる。,コンピュータ・IT
月下の推理,静かな図書館で世界がひらく。,ミステリー
量子回路入門,小さな手が大きな謎を解く。,SF
機械学習基礎,静かな図書館で世界がひらく。,歴史
データ構造とアルゴリズム,都市の片隅で記憶が交差する。,コンピュータ・IT
データ構造とアルゴリズム,小さな手が大きな謎を解く。,ミステリー
雲の図書館,数式の海を越えて真相へ。,コンピュータ・IT
量子回路入門,言葉の迷路に隠された鍵。,歴史
月下の推理,都市の片隅で記憶が交差する。,コンピュータ・IT
砂漠の古書店,言葉の迷路に隠された鍵。,歴史
砂漠の古書店,数式の海を越えて真相へ。,コンピュータ・IT
夜の書庫,小さな手が大きな謎を解く。,ミステリー
星読みの庭,ある日、不思議な一冊が見つかる。,SF
夜の書庫,言葉の迷路に隠された鍵。,歴史
霧の魔導書,小さな手が大きな謎を解く。,SF
砂漠の古書店,ある日、不思議な一冊が見つかる。,ファンタジー
星読みの庭,言葉の迷路に隠された鍵。,ファンタジー
量子回路入門,小さな手が大きな謎を解く。,ミステリー
蒼穹の記憶,数式の海を越えて真相へ。,文学
霧の魔導書,言葉の迷路に隠された鍵。,SF
砂漠の古書店,小さな手が大きな謎を解く。,コンピュータ・IT
夜の書庫,小さな手が大きな謎を解く。,ミステリー
星読みの庭,都市の片隅で記憶が交差する。,ファンタジー
蒼穹の記憶,静かな図書館で世界がひらく。,歴史
砂漠の古書店,都市の片隅で記憶が交差する。,ファンタジー
データ構造とアルゴリズム,言葉の迷路に隠された鍵。,歴史
機械学習基礎,静かな図書館で世界がひらく。,文学
データ構造とアルゴリズム,静かな図書館で世界がひらく。,歴史
データ構造とアルゴリズム,静かな図書館で世界がひらく。,ファンタジー
機械学習基礎,小さな手が大きな謎を解く。,歴史
量子回路入門,言葉の迷路に隠された鍵。,歴史
霧の魔導書,ある日、不思議な一冊が見つかる。,ミステリー
星読みの庭,静かな図書館で世界がひらく。,歴史
月下の推理,都市の片隅で記憶が交差する。,ミステリー
雲の図書館,言葉の迷路に隠された鍵。,SF
量子回路入門,小さな手が大きな謎を解く。,ミステリー
夜の書庫,言葉の迷路に隠された鍵。,歴史
星読みの庭,静かな図書館で世界がひらく。,SF
雲の図書館,言葉の迷路に隠された鍵。,ファンタジー
機械学習基礎,ある日、不思議な一冊が見つかる。,歴史
霧の魔導書,言葉の迷路に隠された鍵。,SF
量子回路入門,ある日、不思議な一冊が見つかる。,SF
蒼穹の記憶,都市の片隅で記憶が交差する。,SF
データ構造とアルゴリズム,言葉の迷路に隠された鍵。,ファンタジー
砂漠の古書店,都市の片隅で記憶が交差する。,SF
月下の推理,小さな手が大きな謎を解く。,ファンタジー
量子回路入門,静かな図書館で世界がひらく。,ミステリー
蒼穹の記憶,ある日、不思議な一冊が見つかる。,ファンタジー
星読みの庭,都市の片隅で記憶が交差する。,ミステリー
機械学習基礎,数式の海を越えて真相へ。,ファンタジー
夜の書庫,数式の海を越えて真相へ。,ファンタジー
雲の図書館,小さな手が大きな謎を解く。,ミステリー
霧の魔導書,言葉の迷路に隠された鍵。,文学
雲の図書館,静かな図書館で世界がひらく。,文学
夜の書庫,数式の海を越えて真相へ。,歴史
月下の推理,言葉の迷路に隠された鍵。,ミステリー
砂漠の古書店,数式の海を越えて真相へ。,ミステリー
機械学習基礎,言葉の迷路に隠された鍵。,歴史
機械学習基礎,都市の片隅で記憶が交差する。,ファンタジー
機械学習基礎,数式の海を越えて真相へ。,歴史
量子回路入門,ある日、不思議な一冊が見つかる。,SF
星読みの庭,ある日、不思議な一冊が見つかる。,ミステリー
量子回路入門,言葉の迷路に隠された鍵。,コンピュータ・IT
蒼穹の記憶,ある日、不思議な一冊が見つかる。,ミステリー
蒼穹の記憶,都市の片隅で記憶が交差する。,SF
雲の図書館,言葉の迷路に隠された鍵。,ミステリー
月下の推理,ある日、不思議な一冊が見つかる。,文学
星読みの庭,言葉の迷路に隠された鍵。,文学
雲の図書館,都市の片隅で記憶が交差する。,歴史
雲の図書館,ある日、不思議な一冊が見つかる。,文学
夜の書庫,都市の片隅で記憶が交差する。,ミステリー
月下の推理,静かな図書館で世界がひらく。,ファンタジー
星読みの庭,ある日、不思議な一冊が見つかる。,歴史
月下の推理,都市の片隅で記憶が交差する。,ミステリー
霧の魔導書,言葉の迷路に隠された鍵。,ミステリー
量子回路入門,都市の片隅で記憶が交差する。,ファンタジー
星読みの庭,ある日、不思議な一冊が見つかる。,歴史
星読みの庭,小さな手が大きな謎を解く。,ファンタジー
月下の推理,静かな図書館で世界がひらく。,SF
星読みの庭,言葉の迷路に隠された鍵。,ミステリー
蒼穹の記憶,言葉の迷路に隠された鍵。,ファンタジー
星読みの庭,都市の片隅で記憶が交差する。,ミステリー
霧の魔導書,静かな図書館で世界がひらく。,歴史
砂漠の古書店,言葉の迷路に隠された鍵。,SF
夜の書庫,ある日、不思議な一冊が見つかる。,ファンタジー
星読みの庭,小さな手が大きな謎を解く。,SF
データ構造とアルゴリズム,小さな手が大きな謎を解く。,ファンタジー
夜の書庫,数式の海を越えて真相へ。,文学
霧の魔導書,数式の海を越えて真相へ。,歴史
蒼穹の記憶,ある日、不思議な一冊が見つかる。,歴史
星読みの庭,ある日、不思議な一冊が見つかる。,ミステリー
量子回路入門,ある日、不思議な一冊が見つかる。,ミステリー
夜の書庫,ある日、不思議な一冊が見つかる。,ミステリー
砂漠の古書店,言葉の迷路に隠された鍵。,文学
砂漠の古書店,数式の海を越えて真相へ。,ファンタジー
蒼穹の記憶,数式の海を越えて真相へ。,コンピュータ・IT
霧の魔導書,ある日、不思議な一冊が見つかる。,SF
星読みの庭,ある日、不思議な一冊が見つかる。,コンピュータ・IT
月下の推理,言葉の迷路に隠された鍵。,SF
砂漠の古書店,ある日、不思議な一冊が見つかる。,文学
霧の魔導書,数式の海を越えて真相へ。,文学
機械学習基礎,静かな図書館で世界がひらく。,歴史
霧の魔導書,都市の片隅で記憶が交差する。,ミステリー
砂漠の古書店,ある日、不思議な一冊が見つかる。,コンピュータ・IT
データ構造とアルゴリズム,小さな手が大きな謎を解く。,文学
データ構造とアルゴリズム,都市の片隅で記憶が交差する。,SF
星読みの庭,静かな図書館で世界がひらく。,歴史
機械学習基礎,ある日、不思議な一冊が見つかる。,歴史
量子回路入門,静かな図書館で世界がひらく。,歴史
データ構造とアルゴリズム,小さな手が大きな謎を解く。,ミステリー
量子回路入門,静かな図書館で世界がひらく。,文学
月下の推理,数式の海を越えて真相へ。,ファンタジー
蒼穹の記憶,ある日、不思議な一冊が見つかる。,ファンタジー
月下の推理,ある日、不思議な一冊が見つかる。,SF
星読みの庭,言葉の迷路に隠された鍵。,SF
砂漠の古書店,言葉の迷路に隠された鍵。,SF
砂漠の古書店,都市の片隅で記憶が交差する。,歴史
量子回路入門,ある日、不思議な一冊が見つかる。,SF
量子回路入門,言葉の迷路に隠された鍵。,ミステリー
夜の書庫,小さな手が大きな謎を解く。,ミステリー
夜の書庫,言葉の迷路に隠された鍵。,ファンタジー
機械学習基礎,都市の片隅で記憶が交差する。,ファンタジー
夜の書庫,数式の海を越えて真相へ。,ミステリー
砂漠の古書店,ある日、不思議な一冊が見つかる。,コンピュータ・IT
砂漠の古書店,小さな手が大きな謎を解く。,SF
星読みの庭,小さな手が大きな謎を解く。,ミステリー
星読みの庭,言葉の迷路に隠された鍵。,SF
機械学習基礎,ある日、不思議な一冊が見つかる。,ミステリー
雲の図書館,ある日、不思議な一冊が見つかる。,ファンタジー
データ構造とアルゴリズム,数式の海を越えて真相へ。,歴史
データ構造とアルゴリズム,小さな手が大きな謎を解く。,SF
砂漠の古書店,ある日、不思議な一冊が見つかる。,ミステリー
量子回路入門,ある日、不思議な一冊が見つかる。,ミステリー
砂漠の古書店,数式の海を越えて真相へ。,コンピュータ・IT
蒼穹の記憶,都市の片隅で記憶が交差する。,SF
夜の書庫,静かな図書館で世界がひらく。,コンピュータ・IT
雲の図書館,静かな図書館で世界がひらく。,SF
霧の魔導書,都市の片隅で記憶が交差する。,SF
砂漠の古書店,静かな図書館で世界がひらく。,歴史
機械学習基礎,静かな図書館で世界がひらく。,ミステリー
砂漠の古書店,数式の海を越えて真相へ。,SF
星読みの庭,都市の片隅で記憶が交差する。,コンピュータ・IT
夜の書庫,都市の片隅で記憶が交差する。,ミステリー
星読みの庭,数式の海を越えて真相へ。,ミステリー
夜の書庫,小さな手が大きな謎を解く。,文学
霧の魔導書,小さな手が大きな謎を解く。,歴史
データ構造とアルゴリズム,数式の海を越えて真相へ。,文学
量子回路入門,都市の片隅で記憶が交差する。,歴史
データ構造とアルゴリズム,小さな手が大きな謎を解く。,コンピュータ・IT
量子回路入門,小さな手が大きな謎を解く。,コンピュータ・IT
雲の図書館,言葉の迷路に隠された鍵。,ミステリー
蒼穹の記憶,都市の片隅で記憶が交差する。,ミステリー
機械学習基礎,ある日、不思議な一冊が見つかる。,コンピュータ・IT
雲の図書館,都市の片隅で記憶が交差する。,ファンタジー
データ構造とアルゴリズム,小さな手が大きな謎を解く。,歴史
データ構造とアルゴリズム,静かな図書館で世界がひらく。,文学
蒼穹の記憶,小さな手が大きな謎を解く。,SF
機械学習基礎,数式の海を越えて真相へ。,コンピュータ・IT
星読みの庭,小さな手が大きな謎を解く。,コンピュータ・IT
雲の図書館,都市の片隅で記憶が交差する。,ミステリー
砂漠の古書店,ある日、不思議な一冊が見つかる。,歴史
霧の魔導書,都市の片隅で記憶が交差する。,ファンタジー
機械学習基礎,静かな図書館で世界がひらく。,文学
月下の推理,静かな図書館で世界がひらく。,SF
雲の図書館,静かな図書館で世界がひらく。,SF
夜の書庫,静かな図書館で世界がひらく。,ファンタジー
砂漠の古書店,数式の海を越えて真相へ。,文学
雲の図書館,静かな図書館で世界がひらく。,歴史
月下の推理,ある日、不思議な一冊が見つかる。,文学
月下の推理,静かな図書館で世界がひらく。,コンピュータ・IT
蒼穹の記憶,ある日、不思議な一冊が見つかる。,コンピュータ・IT
月下の推理,言葉の迷路に隠された鍵。,SF
機械学習基礎,小さな手が大きな謎を解く。,コンピュータ・IT
月下の推理,言葉の迷路に隠された鍵。,歴史
データ構造とアルゴリズム,ある日、不思議な一冊が見つかる。,ファンタジー
砂漠の古書店,静かな図書館で世界がひらく。,ミステリー
星読みの庭,数式の海を越えて真相へ。,ファンタジー
星読みの庭,静かな図書館で世界がひらく。,文学
月下の推理,数式の海を越えて真相へ。,文学
機械学習基礎,ある日、不思議な一冊が見つかる。,ミステリー
データ構造とアルゴリズム,言葉の迷路に隠された鍵。,文学
蒼穹の記憶,都市の片隅で記憶が交差する。,歴史
量子回路入門,静かな図書館で世界がひらく。,歴史
機械学習基礎,小さな手が大きな謎を解く。,歴史
夜の書庫,小さな手が大きな謎を解く。,コンピュータ・IT
量子回路入門,ある日、不思議な一冊が見つかる。,ミステリー
量子回路入門,静かな図書館で世界がひらく。,SF
夜の書庫,言葉の迷路に隠された鍵。,文学
機械学習基礎,小さな手が大きな謎を解く。,コンピュータ・IT
星読みの庭,数式の海を越えて真相へ。,歴史
データ構造とアルゴリズム,言葉の迷路に隠された鍵。,SF
夜の書庫,ある日、不思議な一冊が見つかる。,コンピュータ・IT
霧の魔導書,ある日、不思議な一冊が見つかる。,SF
月下の推理,静かな図書館で世界がひらく。,歴史
星読みの庭,都市の片隅で記憶が交差する。,歴史
月下の推理,静かな図書館で世界がひらく。,SF
量子回路入門,静かな図書館で世界がひらく。,ミステリー
夜の書庫,言葉の迷路に隠された鍵。,文学
量子回路入門,ある日、不思議な一冊が見つかる。,文学
霧の魔導書,数式の海を越えて真相へ。,SF
機械学習基礎,数式の海を越えて真相へ。,コンピュータ・IT
霧の魔導書,静かな図書館で世界がひらく。,ミステリー
星読みの庭,言葉の迷路に隠された鍵。,SF
星読みの庭,小さな手が大きな謎を解く。,歴史
機械学習基礎,ある日、不思議な一冊が見つかる。,SF
砂漠の古書店,都市の片隅で記憶が交差する。,ミステリー
雲の図書館,小さな手が大きな謎を解く。,コンピュータ・IT
蒼穹の記憶,小さな手が大きな謎を解く。,ファンタジー
雲の図書館,言葉の迷路に隠された鍵。,文学
星読みの庭,ある日、不思議な一冊が見つかる。,歴史
星読みの庭,静かな図書館で世界がひらく。,SF
霧の魔導書,小さな手が大きな謎を解く。,文学
量子回路入門,小さな手が大きな謎を解く。,ミステリー
月下の推理,都市の片隅で記憶が交差する。,ファンタジー
月下の推理,数式の海を越えて真相へ。,コンピュータ・IT
砂漠の古書店,都市の片隅で記憶が交差する。,歴史
蒼穹の記憶,小さな手が大きな謎を解く。,ファンタジー
砂漠の古書店,静かな図書館で世界がひらく。,ファンタジー
データ構造とアルゴリズム,言葉の迷路に隠された鍵。,ファンタジー
雲の図書館,小さな手が大きな謎を解く。,歴史
星読みの庭,静かな図書館で世界がひらく。,歴史
星読みの庭,言葉の迷路に隠された鍵。,ファンタジー
蒼穹の記憶,都市の片隅で記憶が交差する。,ファンタジー
蒼穹の記憶,数式の海を越えて真相へ。,ファンタジー
データ構造とアルゴリズム,言葉の迷路に隠された鍵。,ミステリー
機械学習基礎,言葉の迷路に隠された鍵。,文学
霧の魔導書,言葉の迷路に隠された鍵。,文学
蒼穹の記憶,数式の海を越えて真相へ。,SF
データ構造とアルゴリズム,言葉の迷路に隠された鍵。,ミステリー
月下の推理,静かな図書館で世界がひらく。,ミステリー
雲の図書館,小さな手が大きな謎を解く。,文学
データ構造とアルゴリズム,小さな手が大きな謎を解く。,ミステリー
夜の書庫,言葉の迷路に隠された鍵。,ミステリー
砂漠の古書店,数式の海を越えて真相へ。,ミステリー
夜の書庫,数式の海を越えて真相へ。,ミステリー
夜の書庫,小さな手が大きな謎を解く。,コンピュータ・IT
蒼穹の記憶,小さな手が大きな謎を解く。,文学
雲の図書館,小さな手が大きな謎を解く。,コンピュータ・IT
砂漠の古書店,数式の海を越えて真相へ。,歴史
星読みの庭,小さな手が大きな謎を解く。,ファンタジー
砂漠の古書店,小さな手が大きな謎を解く。,ミステリー
データ構造とアルゴリズム,静かな図書館で世界がひらく。,SF
量子回路入門,ある日、不思議な一冊が見つかる。,ミステリー
星読みの庭,小さな手が大きな謎を解く。,文学
量子回路入門,小さな手が大きな謎を解く。,ファンタジー
雲の図書館,言葉の迷路に隠された鍵。,文学
砂漠の古書店,ある日、不思議な一冊が見つかる。,文学
雲の図書館,数式の海を越えて真相へ。,歴史
データ構造とアルゴリズム,言葉の迷路に隠された鍵。,ミステリー
月下の推理,小さな手が大きな謎を解く。,歴史
量子回路入門,数式の海を越えて真相へ。,SF
雲の図書館,言葉の迷路に隠された鍵。,歴史
量子回路入門,言葉の迷路に隠された鍵。,文学
蒼穹の記憶,言葉の迷路に隠された鍵。,ファンタジー
夜の書庫,静かな図書館で世界がひらく。,歴史
霧の魔導書,ある日、不思議な一冊が見つかる。,SF
霧の魔導書,小さな手が大きな謎を解く。,ミステリー
星読みの庭,言葉の迷路に隠された鍵。,歴史
星読みの庭,都市の片隅で記憶が交差する。,SF
データ構造とアルゴリズム,言葉の迷路に隠された鍵。,ファンタジー
データ構造とアルゴリズム,小さな手が大きな謎を解く。,ミステリー
星読みの庭,小さな手が大きな謎を解く。,ファンタジー
量子回路入門,小さな手が大きな謎を解く。,ミステリー
機械学習基礎,小さな手が大きな謎を解く。,ファンタジー
砂漠の古書店,小さな手が大きな謎を解く。,ファンタジー
量子回路入門,都市の片隅で記憶が交差する。,ファンタジー
蒼穹の記憶,言葉の迷路に隠された鍵。,ミステリー
星読みの庭,静かな図書館で世界がひらく。,ミステリー
データ構造とアルゴリズム,小さな手が大きな謎を解く。,文学
データ構造とアルゴリズム,静かな図書館で世界がひらく。,SF
量子回路入門,小さな手が大きな謎を解く。,ファンタジー
データ構造とアルゴリズム,言葉の迷路に隠された鍵。,ミステリー
蒼穹の記憶,数式の海を越えて真相へ。,文学
星読みの庭,数式の海を越えて真相へ。,SF
月下の推理,ある日、不思議な一冊が見つかる。,コンピュータ・IT
星読みの庭,言葉の迷路に隠された鍵。,コンピュータ・IT
データ構造とアルゴリズム,小さな手が大きな謎を解く。,歴史
量子回路入門,静かな図書館で世界がひらく。,ファンタジー
月下の推理,都市の片隅で記憶が交差する。,SF
月下の推理,数式の海を越えて真相へ。,歴史
データ構造とアルゴリズム,言葉の迷路に隠された鍵。,ファンタジー
砂漠の古書店,都市の片隅で記憶が交差する。,文学
蒼穹の記憶,数式の海を越えて真相へ。,コンピュータ・IT
雲の図書館,ある日、不思議な一冊が見つかる。,ファンタジー
月下の推理,ある日、不思議な一冊が見つかる。,コンピュータ・IT
蒼穹の記憶,数式の海を越えて真相へ。,SF
機械学習基礎,言葉の迷路に隠された鍵。,コンピュータ・IT
星読みの庭,ある日、不思議な一冊が見つかる。,SF
月下の推理,静かな図書館で世界がひらく。,文学
機械学習基礎,静かな図書館で世界がひらく。,SF
砂漠の古書店,小さな手が大きな謎を解く。,コンピュータ・IT
月下の推理,ある日、不思議な一冊が見つかる。,ミステリー
データ構造とアルゴリズム,都市の片隅で記憶が交差する。,文学
機械学習基礎,ある日、不思議な一冊が見つかる。,ミステリー
砂漠の古書店,数式の海を越えて真相へ。,コンピュータ・IT
量子回路入門,数式の海を越えて真相へ。,ファンタジー
砂漠の古書店,小さな手が大きな謎を解く。,SF
霧の魔導書,数式の海を越えて真相へ。,コンピュータ・IT
砂漠の古書店,数式の海を越えて真相へ。,文学
霧の魔導書,数式の海を越えて真相へ。,歴史
夜の書庫,小さな手が大きな謎を解く。,文学
機械学習基礎,言葉の迷路に隠された鍵。,歴史
機械学習基礎,静かな図書館で世界がひらく。,ファンタジー
機械学習基礎,言葉の迷路に隠された鍵。,歴史
機械学習基礎,数式の海を越えて真相へ。,文学
星読みの庭,数式の海を越えて真相へ。,コンピュータ・IT
夜の書庫,都市の片隅で記憶が交差する。,コンピュータ・IT
データ構造とアルゴリズム,静かな図書館で世界がひらく。,ミステリー
蒼穹の記憶,ある日、不思議な一冊が見つかる。,ミステリー
雲の図書館,言葉の迷路に隠された鍵。,ファンタジー
蒼穹の記憶,都市の片隅で記憶が交差する。,ファンタジー
星読みの庭,数式の海を越えて真相へ。,コンピュータ・IT
夜の書庫,小さな手が大きな謎を解く。,SF
月下の推理,ある日、不思議な一冊が見つかる。,コンピュータ・IT
夜の書庫,数式の海を越えて真相へ。,SF
量子回路入門,言葉の迷路に隠された鍵。,コンピュータ・IT
砂漠の古書店,小さな手が大きな謎を解く。,ミステリー
蒼穹の記憶,数式の海を越えて真相へ。,文学
量子回路入門,数式の海を越えて真相へ。,ミステリー
蒼穹の記憶,言葉の迷路に隠された鍵。,ミステリー
月下の推理,静かな図書館で世界がひらく。,コンピュータ・IT
星読みの庭,ある日、不思議な一冊が見つかる。,歴史
機械学習基礎,小さな手が大きな謎を解く。,歴史
雲の図書館,ある日、不思議な一冊が見つかる。,SF
夜の書庫,静かな図書館で世界がひらく。,コンピュータ・IT
蒼穹の記憶,言葉の迷路に隠された鍵。,文学
月下の推理,数式の海を越えて真相へ。,歴史
月下の推理,ある日、不思議な一冊が見つかる。,歴史
夜の書庫,小さな手が大きな謎を解く。,文学
星読みの庭,ある日、不思議な一冊が見つかる。,SF
雲の図書館,都市の片隅で記憶が交差する。,SF
霧の魔導書,都市の片隅で記憶が交差する。,ファンタジー
蒼穹の記憶,都市の片隅で記憶が交差する。,SF
砂漠の古書店,言葉の迷路に隠された鍵。,ファンタジー
砂漠の古書店,小さな手が大きな謎を解く。,文学
霧の魔導書,数式の海を越えて真相へ。,SF
夜の書庫,言葉の迷路に隠された鍵。,文学
蒼穹の記憶,静かな図書館で世界がひらく。,SF
星読みの庭,都市の片隅で記憶が交差する。,SF
月下の推理,都市の片隅で記憶が交差する。,ミステリー
夜の書庫,数式の海を越えて真相へ。,ファンタジー
機械学習基礎,言葉の迷路に隠された鍵。,ミステリー
砂漠の古書店,言葉の迷路に隠された鍵。,SF
雲の図書館,小さな手が大きな謎を解く。,SF
機械学習基礎,数式の海を越えて真相へ。,コンピュータ・IT
機械学習基礎,静かな図書館で世界がひらく。,文学
夜の書庫,言葉の迷路に隠された鍵。,歴史
夜の書庫,都市の片隅で記憶が交差する。,ファンタジー
機械学習基礎,静かな図書館で世界がひらく。,歴史
霧の魔導書,都市の片隅で記憶が交差する。,ミステリー
霧の魔導書,小さな手が大きな謎を解く。,SF
星読みの庭,都市の片隅で記憶が交差する。,歴史
量子回路入門,言葉の迷路に隠された鍵。,コンピュータ・IT
機械学習基礎,ある日、不思議な一冊が見つかる。,ファンタジー
月下の推理,ある日、不思議な一冊が見つかる。,ミステリー
雲の図書館,静かな図書館で世界がひらく。,コンピュータ・IT
量子回路入門,小さな手が大きな謎を解く。,ファンタジー
データ構造とアルゴリズム,数式の海を越えて真相へ。,ミステリー
星読みの庭,小さな手が大きな謎を解く。,コンピュータ・IT
夜の書庫,小さな手が大きな謎を解く。,SF
夜の書庫,ある日、不思議な一冊が見つかる。,文学
星読みの庭,都市の片隅で記憶が交差する。,ミステリー
データ構造とアルゴリズム,小さな手が大きな謎を解く。,コンピュータ・IT
月下の推理,ある日、不思議な一冊が見つかる。,ファンタジー
霧の魔導書,静かな図書館で世界がひらく。,歴史
月下の推理,都市の片隅で記憶が交差する。,ミステリー
夜の書庫,ある日、不思議な一冊が見つかる。,コンピュータ・IT
月下の推理,数式の海を越えて真相へ。,ミステリー
星読みの庭,数式の海を越えて真相へ。,文学
雲の図書館,ある日、不思議な一冊が見つかる。,ミステリー
夜の書庫,言葉の迷路に隠された鍵。,文学
月下の推理,小さな手が大きな謎を解く。,ファンタジー
蒼穹の記憶,静かな図書館で世界がひらく。,歴史
月下の推理,都市の片隅で記憶が交差する。,歴史
データ構造とアルゴリズム,静かな図書館で世界がひらく。,ミステリー
雲の図書館,言葉の迷路に隠された鍵。,コンピュータ・IT
星読みの庭,言葉の迷路に隠された鍵。,ミステリー
月下の推理,都市の片隅で記憶が交差する。,ファンタジー
データ構造とアルゴリズム,ある日、不思議な一冊が見つかる。,ファンタジー
砂漠の古書店,ある日、不思議な一冊が見つかる。,文学
蒼穹の記憶,静かな図書館で世界がひらく。,文学
砂漠の古書店,小さな手が大きな謎を解く。,ミステリー
夜の書庫,数式の海を越えて真相へ。,SF
量子回路入門,都市の片隅で記憶が交差する。,コンピュータ・IT
蒼穹の記憶,数式の海を越えて真相へ。,コンピュータ・IT
月下の推理,ある日、不思議な一冊が見つかる。,ミステリー
夜の書庫,数式の海を越えて真相へ。,コンピュータ・IT
機械学習基礎,都市の片隅で記憶が交差する。,ミステリー
機械学習基礎,静かな図書館で世界がひらく。,ミステリー
星読みの庭,言葉の迷路に隠された鍵。,歴史
量子回路入門,言葉の迷路に隠された鍵。,SF
星読みの庭,数式の海を越えて真相へ。,文学
霧の魔導書,小さな手が大きな謎を解く。,ファンタジー
夜の書庫,数式の海を越えて真相へ。,SF
機械学習基礎,数式の海を越えて真相へ。,文学
月下の推理,静かな図書館で世界がひらく。,コンピュータ・IT
機械学習基礎,都市の片隅で記憶が交差する。,コンピュータ・IT
量子回路入門,ある日、不思議な一冊が見つかる。,文学
蒼穹の記憶,ある日、不思議な一冊が見つかる。,文学
砂漠の古書店,数式の海を越えて真相へ。,ファンタジー
量子回路入門,静かな図書館で世界がひらく。,ミステリー
砂漠の古書店,小さな手が大きな謎を解く。,SF
夜の書庫,都市の片隅で記憶が交差する。,SF
蒼穹の記憶,数式の海を越えて真相へ。,コンピュータ・IT
雲の図書館,小さな手が大きな謎を解く。,コンピュータ・IT
蒼穹の記憶,言葉の迷路に隠された鍵。,ファンタジー
機械学習基礎,数式の海を越えて真相へ。,ファンタジー
機械学習基礎,小さな手が大きな謎を解く。,歴史
夜の書庫,数式の海を越えて真相へ。,ミステリー
月下の推理,ある日、不思議な一冊が見つかる。,SF
雲の図書館,都市の片隅で記憶が交差する。,ミステリー
夜の書庫,都市の片隅で記憶が交差する。,歴史
星読みの庭,言葉の迷路に隠された鍵。,ミステリー
機械学習基礎,小さな手が大きな謎を解く。,文学
霧の魔導書,静かな図書館で世界がひらく。,文学
雲の図書館,ある日、不思議な一冊が見つかる。,ミステリー
機械学習基礎,言葉の迷路に隠された鍵。,歴史
データ構造とアルゴリズム,小さな手が大きな謎を解く。,コンピュータ・IT
量子回路入門,静かな図書館で世界がひらく。,文学
夜の書庫,言葉の迷路に隠された鍵。,歴史
夜の書庫,数式の海を越えて真相へ。,SF
砂漠の古書店,言葉の迷路に隠された鍵。,SF
量子回路入門,静かな図書館で世界がひらく。,SF
機械学習基礎,都市の片隅で記憶が交差する。,文学
星読みの庭,小さな手が大きな謎を解く。,文学
データ構造とアルゴリズム,ある日、不思議な一冊が見つかる。,SF
月下の推理,静かな図書館で世界がひらく。,歴史
夜の書庫,静かな図書館で世界がひらく。,ファンタジー
蒼穹の記憶,小さな手が大きな謎を解く。,ファンタジー
データ構造とアルゴリズム,都市の片隅で記憶が交差する。,文学
雲の図書館,言葉の迷路に隠された鍵。,歴史
量子回路入門,都市の片隅で記憶が交差する。,SF
蒼穹の記憶,静かな図書館で世界がひらく。,歴史
砂漠の古書店,数式の海を越えて真相へ。,歴史
雲の図書館,数式の海を越えて真相へ。,文学
機械学習基礎,静かな図書館で世界がひらく。,歴史
雲の図書館,ある日、不思議な一冊が見つかる。,ミステリー
機械学習基礎,静かな図書館で世界がひらく。,文学
星読みの庭,都市の片隅で記憶が交差する。,歴史
霧の魔導書,言葉の迷路に隠された鍵。,コンピュータ・IT
砂漠の古書店,言葉の迷路に隠された鍵。,コンピュータ・IT
機械学習基礎,静かな図書館で世界がひらく。,ミステリー
月下の推理,小さな手が大きな謎を解く。,文学
機械学習基礎,ある日、不思議な一冊が見つかる。,ファンタジー
砂漠の古書店,ある日、不思議な一冊が見つかる。,コンピュータ・IT
砂漠の古書店,静かな図書館で世界がひらく。,ミステリー
量子回路入門,言葉の迷路に隠された鍵。,ミステリー
星読みの庭,小さな手が大きな謎を解く。,コンピュータ・IT
霧の魔導書,静かな図書館で世界がひらく。,ミステリー
夜の書庫,都市の片隅で記憶が交差する。,歴史
月下の推理,数式の海を越えて真相へ。,SF
蒼穹の記憶,都市の片隅で記憶が交差する。,歴史
月下の推理,ある日、不思議な一冊が見つかる。,歴史
蒼穹の記憶,数式の海を越えて真相へ。,ミステリー
砂漠の古書店,ある日、不思議な一冊が見つかる。,ミステリー
蒼穹の記憶,数式の海を越えて真相へ。,ファンタジー
星読みの庭,都市の片隅で記憶が交差する。,歴史
データ構造とアルゴリズム,都市の片隅で記憶が交差する。,コンピュータ・IT
砂漠の古書店,ある日、不思議な一冊が見つかる。,歴史
霧の魔導書,言葉の迷路に隠された鍵。,歴史
データ構造とアルゴリズム,小さな手が大きな謎を解く。,ミステリー
霧の魔導書,ある日、不思議な一冊が見つかる。,SF
データ構造とアルゴリズム,小さな手が大きな謎を解く。,ファンタジー
砂漠の古書店,数式の海を越えて真相へ。,歴史
データ構造とアルゴリズム,都市の片隅で記憶が交差する。,ミステリー
蒼穹の記憶,都市の片隅で記憶が交差する。,SF
月下の推理,小さな手が大きな謎を解く。,歴史
夜の書庫,言葉の迷路に隠された鍵。,文学
蒼穹の記憶,ある日、不思議な一冊が見つかる。,文学
夜の書庫,ある日、不思議な一冊が見つかる。,歴史
砂漠の古書店,言葉の迷路に隠された鍵。,歴史
星読みの庭,都市の片隅で記憶が交差する。,SF
データ構造とアルゴリズム,ある日、不思議な一冊が見つかる。,ファンタジー
霧の魔導書,小さな手が大きな謎を解く。,文学
霧の魔導書,都市の片隅で記憶が交差する。,SF
月下の推理,数式の海を越えて真相へ。,コンピュータ・IT
機械学習基礎,小さな手が大きな謎を解く。,ファンタジー
データ構造とアルゴリズム,都市の片隅で記憶が交差する。,文学
雲の図書館,言葉の迷路に隠された鍵。,ミステリー
機械学習基礎,言葉の迷路に隠された鍵。,ファンタジー
蒼穹の記憶,静かな図書館で世界がひらく。,文学
機械学習基礎,静かな図書館で世界がひらく。,文学
星読みの庭,言葉の迷路に隠された鍵。,ミステリー
夜の書庫,数式の海を越えて真相へ。,文学
機械学習基礎,数式の海を越えて真相へ。,SF
砂漠の古書店,静かな図書館で世界がひらく。,歴史
月下の推理,ある日、不思議な一冊が見つかる。,文学
星読みの庭,都市の片隅で記憶が交差する。,SF
データ構造とアルゴリズム,数式の海を越えて真相へ。,文学
量子回路入門,言葉の迷路に隠された鍵。,SF
蒼穹の記憶,ある日、不思議な一冊が見つかる。,文学
量子回路入門,言葉の迷路に隠された鍵。,文学
雲の図書館,静かな図書館で世界がひらく。,コンピュータ・IT
データ構造とアルゴリズム,小さな手が大きな謎を解く。,コンピュータ・IT
霧の魔導書,静かな図書館で世界がひらく。,文学
蒼穹の記憶,小さな手が大きな謎を解く。,コンピュータ・IT
星読みの庭,小さな手が大きな謎を解く。,ミステリー
砂漠の古書店,ある日、不思議な一冊が見つかる。,コンピュータ・IT
量子回路入門,都市の片隅で記憶が交差する。,ファンタジー
量子回路入門,言葉の迷路に隠された鍵。,ファンタジー
夜の書庫,静かな図書館で世界がひらく。,ミステリー
星読みの庭,都市の片隅で記憶が交差する。,ミステリー
量子回路入門,小さな手が大きな謎を解く。,ファンタジー
量子回路入門,静かな図書館で世界がひらく。,コンピュータ・IT
月下の推理,静かな図書館で世界がひらく。,歴史
夜の書庫,数式の海を越えて真相へ。,SF
量子回路入門,数式の海を越えて真相へ。,文学
量子回路入門,小さな手が大きな謎を解く。,文学
機械学習基礎,数式の海を越えて真相へ。,歴史
夜の書庫,都市の片隅で記憶が交差する。,歴史
雲の図書館,小さな手が大きな謎を解く。,文学
量子回路入門,数式の海を越えて真相へ。,ミステリー
データ構造とアルゴリズム,静かな図書館で世界がひらく。,コンピュータ・IT
霧の魔導書,ある日、不思議な一冊が見つかる。,ファンタジー
砂漠の古書店,数式の海を越えて真相へ。,文学
雲の図書館,ある日、不思議な一冊が見つかる。,文学
星読みの庭,ある日、不思議な一冊が見つかる。,コンピュータ・IT
機械学習基礎,数式の海を越えて真相へ。,ミステリー
雲の図書館,言葉の迷路に隠された鍵。,コンピュータ・IT
砂漠の古書店,小さな手が大きな謎を解く。,歴史
蒼穹の記憶,言葉の迷路に隠された鍵。,ファンタジー
月下の推理,ある日、不思議な一冊が見つかる。,文学
霧の魔導書,数式の海を越えて真相へ。,歴史
星読みの庭,静かな図書館で世界がひらく。,ファンタジー
夜の書庫,静かな図書館で世界がひらく。,コンピュータ・IT
蒼穹の記憶,静かな図書館で世界がひらく。,文学
データ構造とアルゴリズム,数式の海を越えて真相へ。,文学
データ構造とアルゴリズム,ある日、不思議な一冊が見つかる。,文学
砂漠の古書店,都市の片隅で記憶が交差する。,ミステリー
機械学習基礎,言葉の迷路に隠された鍵。,文学
月下の推理,小さな手が大きな謎を解く。,SF
霧の魔導書,静かな図書館で世界がひらく。,歴史
砂漠の古書店,都市の片隅で記憶が交差する。,ミステリー
雲の図書館,都市の片隅で記憶が交差する。,文学
月下の推理,数式の海を越えて真相へ。,コンピュータ・IT
霧の魔導書,都市の片隅で記憶が交差する。,文学
星読みの庭,都市の片隅で記憶が交差する。,ミステリー
夜の書庫,数式の海を越えて真相へ。,ファンタジー
機械学習基礎,言葉の迷路に隠された鍵。,コンピュータ・IT
星読みの庭,数式の海を越えて真相へ。,コンピュータ・IT
量子回路入門,言葉の迷路に隠された鍵。,コンピュータ・IT
量子回路入門,都市の片隅で記憶が交差する。,ミステリー
蒼穹の記憶,言葉の迷路に隠された鍵。,コンピュータ・IT
機械学習基礎,都市の片隅で記憶が交差する。,SF
量子回路入門,言葉の迷路に隠された鍵。,歴史
砂漠の古書店,言葉の迷路に隠された鍵。,文学
データ構造とアルゴリズム,数式の海を越えて真相へ。,文学
機械学習基礎,静かな図書館で世界がひらく。,ミステリー
星読みの庭,静かな図書館で世界がひらく。,SF
霧の魔導書,都市の片隅で記憶が交差する。,SF
量子回路入門,小さな手が大きな謎を解く。,文学
雲の図書館,言葉の迷路に隠された鍵。,SF
量子回路入門,ある日、不思議な一冊が見つかる。,ミステリー
夜の書庫,言葉の迷路に隠された鍵。,歴史
機械学習基礎,言葉の迷路に隠された鍵。,コンピュータ・IT
機械学習基礎,ある日、不思議な一冊が見つかる。,文学
砂漠の古書店,言葉の迷路に隠された鍵。,ミステリー
夜の書庫,静かな図書館で世界がひらく。,コンピュータ・IT
夜の書庫,ある日、不思議な一冊が見つかる。,文学
データ構造とアルゴリズム,数式の海を越えて真相へ。,文学
量子回路入門,ある日、不思議な一冊が見つかる。,文学
機械学習基礎,言葉の迷路に隠された鍵。,歴史
砂漠の古書店,都市の片隅で記憶が交差する。,コンピュータ・IT
データ構造とアルゴリズム,言葉の迷路に隠された鍵。,SF
星読みの庭,数式の海を越えて真相へ。,ファンタジー
機械学習基礎,言葉の迷路に隠された鍵。,コンピュータ・IT
砂漠の古書店,数式の海を越えて真相へ。,ミステリー
機械学習基礎,言葉の迷路に隠された鍵。,ファンタジー
雲の図書館,都市の片隅で記憶が交差する。,文学
雲の図書館,小さな手が大きな謎を解く。,文学
機械学習基礎,小さな手が大きな謎を解く。,歴史
蒼穹の記憶,小さな手が大きな謎を解く。,SF
雲の図書館,静かな図書館で世界がひらく。,ファンタジー
データ構造とアルゴリズム,静かな図書館で世界がひらく。,文学
星読みの庭,言葉の迷路に隠された鍵。,歴史
蒼穹の記憶,静かな図書館で世界がひらく。,歴史
機械学習基礎,数式の海を越えて真相へ。,ミステリー
夜の書庫,ある日、不思議な一冊が見つかる。,SF
雲の図書館,ある日、不思議な一冊が見つかる。,コンピュータ・IT
砂漠の古書店,数式の海を越えて真相へ。,文学
星読みの庭,小さな手が大きな謎を解く。,ファンタジー
星読みの庭,ある日、不思議な一冊が見つかる。,コンピュータ・IT
機械学習基礎,小さな手が大きな謎を解く。,歴史
星読みの庭,静かな図書館で世界がひらく。,コンピュータ・IT
量子回路入門,都市の片隅で記憶が交差する。,ファンタジー
月下の推理,言葉の迷路に隠された鍵。,歴史
量子回路入門,数式の海を越えて真相へ。,コンピュータ・IT
月下の推理,言葉の迷路に隠された鍵。,SF
雲の図書館,静かな図書館で世界がひらく。,コンピュータ・IT
雲の図書館,小さな手が大きな謎を解く。,コンピュータ・IT
蒼穹の記憶,ある日、不思議な一冊が見つかる。,歴史
霧の魔導書,小さな手が大きな謎を解く。,ファンタジー
夜の書庫,小さな手が大きな謎を解く。,SF
雲の図書館,小さな手が大きな謎を解く。,歴史
データ構造とアルゴリズム,数式の海を越えて真相へ。,コンピュータ・IT
月下の推理,数式の海を越えて真相へ。,コンピュータ・IT
夜の書庫,都市の片隅で記憶が交差する。,ファンタジー
星読みの庭,小さな手が大きな謎を解く。,SF
霧の魔導書,都市の片隅で記憶が交差する。,歴史
雲の図書館,ある日、不思議な一冊が見つかる。,文学
星読みの庭,小さな手が大きな謎を解く。,コンピュータ・IT
星読みの庭,数式の海を越えて真相へ。,ミステリー
星読みの庭,静かな図書館で世界がひらく。,ミステリー
データ構造とアルゴリズム,数式の海を越えて真相へ。,コンピュータ・IT
星読みの庭,数式の海を越えて真相へ。,SF
蒼穹の記憶,静かな図書館で世界がひらく。,ファンタジー
星読みの庭,数式の海を越えて真相へ。,コンピュータ・IT
夜の書庫,ある日、不思議な一冊が見つかる。,歴史
機械学習基礎,数式の海を越えて真相へ。,歴史
雲の図書館,数式の海を越えて真相へ。,ミステリー
砂漠の古書店,静かな図書館で世界がひらく。,文学
量子回路入門,言葉の迷路に隠された鍵。,SF
夜の書庫,数式の海を越えて真相へ。,ファンタジー
機械学習基礎,都市の片隅で記憶が交差する。,ミステリー
砂漠の古書店,都市の片隅で記憶が交差する。,ミステリー
データ構造とアルゴリズム,言葉の迷路に隠された鍵。,歴史
データ構造とアルゴリズム,小さな手が大きな謎を解く。,歴史
星読みの庭,ある日、不思議な一冊が見つかる。,SF
月下の推理,小さな手が大きな謎を解く。,歴史
星読みの庭,小さな手が大きな謎を解く。,ファンタジー
星読みの庭,言葉の迷路に隠された鍵。,ファンタジー
月下の推理,静かな図書館で世界がひらく。,歴史
蒼穹の記憶,小さな手が大きな謎を解く。,SF
夜の書庫,ある日、不思議な一冊が見つかる。,コンピュータ・IT
月下の推理,ある日、不思議な一冊が見つかる。,文学
星読みの庭,小さな手が大きな謎を解く。,SF
夜の書庫,静かな図書館で世界がひらく。,コンピュータ・IT
データ構造とアルゴリズム,都市の片隅で記憶が交差する。,文学
砂漠の古書店,静かな図書館で世界がひらく。,文学
夜の書庫,小さな手が大きな謎を解く。,ファンタジー
蒼穹の記憶,都市の片隅で記憶が交差する。,コンピュータ・IT
蒼穹の記憶,小さな手が大きな謎を解く。,文学
砂漠の古書店,静かな図書館で世界がひらく。,SF
量子回路入門,ある日、不思議な一冊が見つかる。,ミステリー
量子回路入門,数式の海を越えて真相へ。,ファンタジー
データ構造とアルゴリズム,都市の片隅で記憶が交差する。,コンピュータ・IT
量子回路入門,小さな手が大きな謎を解く。,コンピュータ・IT
雲の図書館,都市の片隅で記憶が交差する。,歴史
砂漠の古書店,静かな図書館で世界がひらく。,歴史
夜の書庫,小さな手が大きな謎を解く。,文学
夜の書庫,静かな図書館で世界がひらく。,コンピュータ・IT
砂漠の古書店,静かな図書館で世界がひらく。,歴史
霧の魔導書,ある日、不思議な一冊が見つかる。,コンピュータ・IT
機械学習基礎,小さな手が大きな謎を解く。,SF
夜の書庫,静かな図書館で世界がひらく。,歴史
月下の推理,小さな手が大きな謎を解く。,コンピュータ・IT
霧の魔導書,小さな手が大きな謎を解く。,SF
雲の図書館,都市の片隅で記憶が交差する。,歴史
雲の図書館,言葉の迷路に隠された鍵。,ファンタジー
